,NODE,AVG,STDDEV,MSE,MAE,MAPE,RMSE,EV
0,0,1044.6184,857.7014,104037.88,235.34962,6.9796603e+16,322.54904,0.654633944684809
1,1,1087.4371,882.81476,93077.03,220.05226,4.4991097e+16,305.0853,0.6905609206719832
2,2,1092.0061,883.5441,102966.195,231.83882,6.245624e+16,320.88345,0.6430151733485135
3,3,1156.739,892.4222,102388.625,235.40453,5.0246397e+16,319.98224,0.6029240109703757
4,4,1170.3074,868.1574,106928.08,242.38243,5.158443e+16,326.9986,0.543437269600955
5,5,1065.0598,769.0688,96477.16,230.59837,4.3062437e+16,310.60773,0.45066791230982
6,6,942.06323,698.40735,86115.77,219.398,5.220934e+16,293.4549,0.48587744344364514
7,7,1037.4187,853.21576,92906.38,220.5212,6.4455626e+16,304.80548,0.6675447388128801
8,8,1083.2291,884.31384,91095.6,220.3152,5.5494787e+16,301.82047,0.7010085745291277
